MSE,MAE,RMSE,R2
32.24262619018555,4.617570400238037,5.6782590809318965,0.7070922255516052
